{"licenses": [{"name": "", "id": 0, "url": ""}], "info": {"contributor": "", "date_created": "", "description": "", "url": "", "version": "", "year": ""}, "categories": [{"id": 1, "name": "Dog", "supercategory": ""}, {"id": 2, "name": "Duck", "supercategory": ""}, {"id": 3, "name": "Sun", "supercategory": ""}, {"id": 4, "name": "Owl", "supercategory": ""}, {"id": 5, "name": "Flute", "supercategory": ""}, {"id": 6, "name": "Rabbit", "supercategory": ""}], "images": [{"id": 1, "width": 2880, "height": 2160, "file_name": "Toys dataset/20210928_112356.jpg", "license": 0, "flickr_url": "", "coco_url": "", "date_captured": 0}, {"id": 2, "width": 2880, "height": 2160, "file_name": "Toys dataset/20210928_112332.jpg", "license": 0, "flickr_url": "", "coco_url": "", "date_captured": 0}, {"id": 3, "width": 2880, "height": 2160, "file_name": "Toys dataset/20210928_112159.jpg", "license": 0, "flickr_url": "", "coco_url": "", "date_captured": 0}, {"id": 4, "width": 2880, "height": 2160, "file_name": "Toys dataset/20210928_112124.jpg", "license": 0, "flickr_url": "", "coco_url": "", "date_captured": 0}, {"id": 5, "width": 2880, "height": 2160, "file_name": "Toys dataset/20210928_112052.jpg", "license": 0, "flickr_url": "", "coco_url": "", "date_captured": 0}, {"id": 6, "width": 2880, "height": 2160, "file_name": "Toys dataset/20210928_111940.jpg", "license": 0, "flickr_url": "", "coco_url": "", "date_captured": 0}, {"id": 7, "width": 2880, "height": 2160, "file_name": "Toys dataset/20210928_111854.jpg", "license": 0, "flickr_url": "", "coco_url": "", "date_captured": 0}, {"id": 8, "width": 2880, "height": 2160, "file_name": "Toys dataset/20210928_111832.jpg", "license": 0, "flickr_url": "", "coco_url": "", "date_captured": 0}, {"id": 9, "width": 2880, "height": 2160, "file_name": "Toys dataset/20210928_111718.jpg", "license": 0, "flickr_url": "", "coco_url": "", "date_captured": 0}, {"id": 10, "width": 2880, "height": 2160, "file_name": "Toys dataset/20210928_111652.jpg", "license": 0, "flickr_url": "", "coco_url": "", "date_captured": 0}, {"id": 11, "width": 2880, "height": 2160, "file_name": "Toys dataset/20210928_111559.jpg", "license": 0, "flickr_url": "", "coco_url": "", "date_captured": 0}, {"id": 12, "width": 2880, "height": 2160, "file_name": "Toys dataset/20210928_111531.jpg", "license": 0, "flickr_url": "", "coco_url": "", "date_captured": 0}, {"id": 13, "width": 2880, "height": 2160, "file_name": "Toys dataset/20210928_111506.jpg", "license": 0, "flickr_url": "", "coco_url": "", "date_captured": 0}, {"id": 14, "width": 2880, "height": 2160, "file_name": "Toys dataset/20210928_111435.jpg", "license": 0, "flickr_url": "", "coco_url": "", "date_captured": 0}], "annotations": [{"id": 1, "image_id": 1, "category_id": 5, "segmentation": [], "area": 227340.12240000005, "bbox": [2001.71, 1233.84, 487.98, 465.88], "iscrowd": 0, "attributes": {"occluded": false}}, {"id": 2, "image_id": 1, "category_id": 1, "segmentation": [], "area": 364387.6152, "bbox": [373.89, 349.95, 624.24, 583.73], "iscrowd": 0, "attributes": {"occluded": false}}, {"id": 3, "image_id": 1, "category_id": 3, "segmentation": [], "area": 430235.8461000001, "bbox": [615.12, 1233.84, 734.73, 585.57], "iscrowd": 0, "attributes": {"occluded": false}}, {"id": 4, "image_id": 1, "category_id": 6, "segmentation": [], "area": 72327.26049999996, "bbox": [2152.71, 591.18, 290.95, 248.59], "iscrowd": 0, "attributes": {"occluded": false}}, {"id": 5, "image_id": 1, "category_id": 4, "segmentation": [], "area": 150276.8628, "bbox": [1274.35, 513.84, 436.42, 344.34], "iscrowd": 0, "attributes": {"occluded": false}}, {"id": 6, "image_id": 1, "category_id": 2, "segmentation": [], "area": 56824.01820000001, "bbox": [1499.0, 1417.98, 232.02, 244.91], "iscrowd": 0, "attributes": {"occluded": false}}, {"id": 7, "image_id": 2, "category_id": 6, "segmentation": [], "area": 81436.90499999991, "bbox": [2064.32, 1552.4, 290.95, 279.9], "iscrowd": 0, "attributes": {"occluded": false}}, {"id": 8, "image_id": 2, "category_id": 1, "segmentation": [], "area": 377999.63669999986, "bbox": [414.4, 1265.14, 631.61, 598.47], "iscrowd": 0, "attributes": {"occluded": false}}, {"id": 9, "image_id": 2, "category_id": 4, "segmentation": [], "area": 137304.4536, "bbox": [511.99, 604.07, 351.72, 390.38], "iscrowd": 0, "attributes": {"occluded": false}}, {"id": 10, "image_id": 2, "category_id": 2, "segmentation": [], "area": 55123.140599999984, "bbox": [1456.65, 1475.06, 233.86, 235.71], "iscrowd": 0, "attributes": {"occluded": false}}, {"id": 11, "image_id": 2, "category_id": 5, "segmentation": [], "area": 208458.58470000006, "bbox": [1913.32, 791.89, 519.29, 401.43], "iscrowd": 0, "attributes": {"occluded": false}}, {"id": 12, "image_id": 2, "category_id": 3, "segmentation": [], "area": 543085.9914999999, "bbox": [1154.65, 302.07, 648.19, 837.85], "iscrowd": 0, "attributes": {"occluded": false}}, {"id": 13, "image_id": 3, "category_id": 6, "segmentation": [], "area": 76762.2702, "bbox": [2123.25, 1524.78, 283.58, 270.69], "iscrowd": 0, "attributes": {"occluded": false}}, {"id": 14, "image_id": 3, "category_id": 3, "segmentation": [], "area": 566532.1281000001, "bbox": [1173.07, 230.26, 657.39, 861.79], "iscrowd": 0, "attributes": {"occluded": false}}, {"id": 15, "image_id": 3, "category_id": 5, "segmentation": [], "area": 81177.35299999992, "bbox": [1139.92, 1392.2, 629.77, 128.9], "iscrowd": 0, "attributes": {"occluded": false}}, {"id": 16, "image_id": 3, "category_id": 4, "segmentation": [], "area": 139900.60749999995, "bbox": [528.57, 570.92, 351.73, 397.75], "iscrowd": 0, "attributes": {"occluded": false}}, {"id": 17, "image_id": 3, "category_id": 2, "segmentation": [], "area": 52409.708800000044, "bbox": [2231.89, 707.19, 254.12, 206.24], "iscrowd": 0, "attributes": {"occluded": false}}, {"id": 18, "image_id": 3, "category_id": 1, "segmentation": [], "area": 379967.8108, "bbox": [357.31, 1292.76, 640.82, 592.94], "iscrowd": 0, "attributes": {"occluded": false}}, {"id": 19, "image_id": 4, "category_id": 5, "segmentation": [], "area": 49589.97920000002, "bbox": [723.76, 1464.02, 230.18, 215.44], "iscrowd": 0, "attributes": {"occluded": false}}, {"id": 20, "image_id": 4, "category_id": 1, "segmentation": [], "area": 262007.76950000008, "bbox": [2121.41, 648.26, 504.55, 519.29], "iscrowd": 0, "attributes": {"occluded": false}}, {"id": 21, "image_id": 4, "category_id": 6, "segmentation": [], "area": 58568.06410000005, "bbox": [270.77, 961.3, 250.43, 233.87], "iscrowd": 0, "attributes": {"occluded": false}}, {"id": 22, "image_id": 4, "category_id": 5, "segmentation": [], "area": 187256.17620000002, "bbox": [876.6, 600.38, 430.89, 434.58], "iscrowd": 0, "attributes": {"occluded": false}}, {"id": 23, "image_id": 4, "category_id": 4, "segmentation": [], "area": 116659.10620000002, "bbox": [2009.08, 1469.54, 336.98, 346.19], "iscrowd": 0, "attributes": {"occluded": false}}, {"id": 24, "image_id": 4, "category_id": 3, "segmentation": [], "area": 387495.60500000016, "bbox": [1182.28, 1023.91, 591.1, 655.55], "iscrowd": 0, "attributes": {"occluded": false}}, {"id": 25, "image_id": 5, "category_id": 2, "segmentation": [], "area": 68249.68789999995, "bbox": [1180.44, 556.19, 250.43, 272.53], "iscrowd": 0, "attributes": {"occluded": false}}, {"id": 26, "image_id": 5, "category_id": 6, "segmentation": [], "area": 103763.553, "bbox": [637.21, 1487.95, 313.05, 331.46], "iscrowd": 0, "attributes": {"occluded": false}}, {"id": 27, "image_id": 5, "category_id": 4, "segmentation": [], "area": 180176.7725, "bbox": [1769.69, 432.81, 397.75, 452.99], "iscrowd": 0, "attributes": {"occluded": false}}, {"id": 28, "image_id": 5, "category_id": 3, "segmentation": [], "area": 507592.9740000001, "bbox": [1162.02, 1195.17, 753.15, 673.96], "iscrowd": 0, "attributes": {"occluded": false}}, {"id": 29, "image_id": 5, "category_id": 5, "segmentation": [], "area": 171910.18400000012, "bbox": [2298.18, 872.92, 237.55, 723.68], "iscrowd": 0, "attributes": {"occluded": false}}, {"id": 30, "image_id": 5, "category_id": 1, "segmentation": [], "area": 470200.7492, "bbox": [246.83, 622.48, 703.43, 668.44], "iscrowd": 0, "attributes": {"occluded": false}}, {"id": 31, "image_id": 6, "category_id": 4, "segmentation": [], "area": 185850.8558, "bbox": [502.79, 412.56, 373.81, 497.18], "iscrowd": 0, "attributes": {"occluded": false}}, {"id": 32, "image_id": 6, "category_id": 2, "segmentation": [], "area": 70759.6892, "bbox": [436.5, 1329.59, 259.64, 272.53], "iscrowd": 0, "attributes": {"occluded": false}}, {"id": 33, "image_id": 6, "category_id": 3, "segmentation": [], "area": 488529.12700000015, "bbox": [801.1, 1042.33, 762.35, 640.82], "iscrowd": 0, "attributes": {"occluded": false}}, {"id": 34, "image_id": 6, "category_id": 5, "segmentation": [], "area": 77153.86049999997, "bbox": [1834.14, 1082.84, 112.33, 686.85], "iscrowd": 0, "attributes": {"occluded": false}}, {"id": 35, "image_id": 6, "category_id": 1, "segmentation": [], "area": 467368.55840000004, "bbox": [2125.09, 860.03, 620.56, 753.14], "iscrowd": 0, "attributes": {"occluded": false}}, {"id": 36, "image_id": 6, "category_id": 6, "segmentation": [], "area": 77768.32680000001, "bbox": [1465.86, 589.34, 303.83, 255.96], "iscrowd": 0, "attributes": {"occluded": false}}, {"id": 37, "image_id": 7, "category_id": 5, "segmentation": [], "area": 76226.667, "bbox": [1027.6, 637.21, 701.58, 108.65], "iscrowd": 0, "attributes": {"occluded": false}}, {"id": 38, "image_id": 7, "category_id": 2, "segmentation": [], "area": 69821.9312, "bbox": [552.51, 615.12, 263.32, 265.16], "iscrowd": 0, "attributes": {"occluded": false}}, {"id": 39, "image_id": 7, "category_id": 1, "segmentation": [], "area": 442308.3885999999, "bbox": [1893.07, 569.08, 637.13, 694.22], "iscrowd": 0, "attributes": {"occluded": false}}, {"id": 40, "image_id": 7, "category_id": 6, "segmentation": [], "area": 95131.29359999996, "bbox": [1668.41, 1464.02, 309.36, 307.51], "iscrowd": 0, "attributes": {"occluded": false}}, {"id": 41, "image_id": 7, "category_id": 4, "segmentation": [], "area": 208243.54800000007, "bbox": [318.64, 1121.51, 399.6, 521.13], "iscrowd": 0, "attributes": {"occluded": false}}, {"id": 42, "image_id": 7, "category_id": 3, "segmentation": [], "area": 526356.0, "bbox": [845.29, 976.04, 731.05, 720.0], "iscrowd": 0, "attributes": {"occluded": false}}, {"id": 43, "image_id": 8, "category_id": 6, "segmentation": [], "area": 82981.953, "bbox": [1478.75, 482.53, 296.47, 279.9], "iscrowd": 0, "attributes": {"occluded": false}}, {"id": 44, "image_id": 8, "category_id": 4, "segmentation": [], "area": 187870.27949999998, "bbox": [1950.15, 1276.19, 419.85, 447.47], "iscrowd": 0, "attributes": {"occluded": false}}, {"id": 45, "image_id": 8, "category_id": 2, "segmentation": [], "area": 73269.69049999994, "bbox": [2056.96, 546.98, 272.53, 268.85], "iscrowd": 0, "attributes": {"occluded": false}}, {"id": 46, "image_id": 8, "category_id": 5, "segmentation": [], "area": 319377.9711999999, "bbox": [589.34, 1220.95, 519.28, 615.04], "iscrowd": 0, "attributes": {"occluded": false}}, {"id": 47, "image_id": 8, "category_id": 3, "segmentation": [], "area": 449677.96199999994, "bbox": [1202.53, 1184.12, 580.05, 775.24], "iscrowd": 0, "attributes": {"occluded": false}}, {"id": 48, "image_id": 8, "category_id": 1, "segmentation": [], "area": 433357.4332000001, "bbox": [419.92, 314.96, 653.71, 662.92], "iscrowd": 0, "attributes": {"occluded": false}}, {"id": 49, "image_id": 9, "category_id": 1, "segmentation": [], "area": 438106.4774999999, "bbox": [480.69, 677.72, 699.75, 626.09], "iscrowd": 0, "attributes": {"occluded": false}}, {"id": 50, "image_id": 9, "category_id": 5, "segmentation": [], "area": 119486.84339999997, "bbox": [1745.75, 847.13, 705.27, 169.42], "iscrowd": 0, "attributes": {"occluded": false}}, {"id": 51, "image_id": 9, "category_id": 6, "segmentation": [], "area": 85163.9722, "bbox": [1388.52, 285.5, 296.47, 287.26], "iscrowd": 0, "attributes": {"occluded": false}}, {"id": 52, "image_id": 9, "category_id": 2, "segmentation": [], "area": 64543.90759999998, "bbox": [1296.45, 801.1, 248.59, 259.64], "iscrowd": 0, "attributes": {"occluded": false}}, {"id": 53, "image_id": 9, "category_id": 4, "segmentation": [], "area": 172426.28120000003, "bbox": [1012.87, 1460.33, 443.78, 388.54], "iscrowd": 0, "attributes": {"occluded": false}}, {"id": 54, "image_id": 9, "category_id": 3, "segmentation": [], "area": 536961.6, "bbox": [1797.31, 1287.24, 720.0, 745.78], "iscrowd": 0, "attributes": {"occluded": false}}, {"id": 55, "image_id": 10, "category_id": 1, "segmentation": [], "area": 560217.1014000002, "bbox": [215.52, 1150.97, 758.67, 738.42], "iscrowd": 0, "attributes": {"occluded": false}}, {"id": 56, "image_id": 10, "category_id": 6, "segmentation": [], "area": 97176.93660000002, "bbox": [532.25, 329.69, 296.47, 327.78], "iscrowd": 0, "attributes": {"occluded": false}}, {"id": 57, "image_id": 10, "category_id": 5, "segmentation": [], "area": 128235.28899999998, "bbox": [1095.73, 880.28, 703.43, 182.3], "iscrowd": 0, "attributes": {"occluded": false}}, {"id": 58, "image_id": 10, "category_id": 3, "segmentation": [], "area": 561667.2606, "bbox": [1281.71, 1268.82, 754.99, 743.94], "iscrowd": 0, "attributes": {"occluded": false}}, {"id": 59, "image_id": 10, "category_id": 2, "segmentation": [], "area": 69682.25879999998, "bbox": [1381.15, 221.05, 252.28, 276.21], "iscrowd": 0, "attributes": {"occluded": false}}, {"id": 60, "image_id": 10, "category_id": 4, "segmentation": [], "area": 193196.16179999994, "bbox": [2086.42, 709.03, 395.91, 487.98], "iscrowd": 0, "attributes": {"occluded": false}}, {"id": 61, "image_id": 11, "category_id": 6, "segmentation": [], "area": 70497.98800000004, "bbox": [1951.99, 281.82, 248.6, 283.58], "iscrowd": 0, "attributes": {"occluded": false}}, {"id": 62, "image_id": 11, "category_id": 1, "segmentation": [], "area": 369607.24710000015, "bbox": [1937.26, 1283.55, 675.81, 546.91], "iscrowd": 0, "attributes": {"occluded": false}}, {"id": 63, "image_id": 11, "category_id": 4, "segmentation": [], "area": 146878.4564, "bbox": [532.25, 585.65, 335.14, 438.26], "iscrowd": 0, "attributes": {"occluded": false}}, {"id": 64, "image_id": 11, "category_id": 5, "segmentation": [], "area": 197045.14999999997, "bbox": [1395.88, 825.04, 359.08, 548.75], "iscrowd": 0, "attributes": {"occluded": false}}, {"id": 65, "image_id": 11, "category_id": 3, "segmentation": [], "area": 423704.02799999993, "bbox": [515.68, 1237.52, 616.88, 686.85], "iscrowd": 0, "attributes": {"occluded": false}}, {"id": 66, "image_id": 11, "category_id": 2, "segmentation": [], "area": 51212.89599999999, "bbox": [1182.28, 397.83, 217.28, 235.7], "iscrowd": 0, "attributes": {"occluded": false}}, {"id": 67, "image_id": 12, "category_id": 1, "segmentation": [], "area": 414180.44620000006, "bbox": [804.78, 344.42, 648.19, 638.98], "iscrowd": 0, "attributes": {"occluded": false}}, {"id": 68, "image_id": 12, "category_id": 4, "segmentation": [], "area": 197417.39999999994, "bbox": [1642.63, 1079.16, 377.5, 522.96], "iscrowd": 0, "attributes": {"occluded": false}}, {"id": 69, "image_id": 12, "category_id": 6, "segmentation": [], "area": 99122.03760000001, "bbox": [349.95, 1075.47, 309.36, 320.41], "iscrowd": 0, "attributes": {"occluded": false}}, {"id": 70, "image_id": 12, "category_id": 5, "segmentation": [], "area": 288821.9763000001, "bbox": [941.05, 1314.86, 502.71, 574.53], "iscrowd": 0, "attributes": {"occluded": false}}, {"id": 71, "image_id": 12, "category_id": 2, "segmentation": [], "area": 76782.60219999994, "bbox": [2185.86, 1441.92, 272.53, 281.74], "iscrowd": 0, "attributes": {"occluded": false}}, {"id": 72, "image_id": 12, "category_id": 3, "segmentation": [], "area": 421669.28100000013, "bbox": [1828.62, 405.19, 708.95, 594.78], "iscrowd": 0, "attributes": {"occluded": false}}, {"id": 73, "image_id": 13, "category_id": 3, "segmentation": [], "area": 367771.9136000001, "bbox": [1878.34, 355.47, 626.08, 587.42], "iscrowd": 0, "attributes": {"occluded": false}}, {"id": 74, "image_id": 13, "category_id": 4, "segmentation": [], "area": 174563.1511999999, "bbox": [1830.46, 1069.95, 486.14, 359.08], "iscrowd": 0, "attributes": {"occluded": false}}, {"id": 75, "image_id": 13, "category_id": 6, "segmentation": [], "area": 84090.44039999999, "bbox": [526.73, 988.93, 285.42, 294.62], "iscrowd": 0, "attributes": {"occluded": false}}, {"id": 76, "image_id": 13, "category_id": 2, "segmentation": [], "area": 66930.98040000001, "bbox": [1963.04, 1578.18, 255.96, 261.49], "iscrowd": 0, "attributes": {"occluded": false}}, {"id": 77, "image_id": 13, "category_id": 5, "segmentation": [], "area": 218844.7285, "bbox": [1081.0, 276.29, 557.95, 392.23], "iscrowd": 0, "attributes": {"occluded": false}}, {"id": 78, "image_id": 13, "category_id": 1, "segmentation": [], "area": 459148.50279999996, "bbox": [990.77, 1281.71, 685.01, 670.28], "iscrowd": 0, "attributes": {"occluded": false}}, {"id": 79, "image_id": 14, "category_id": 6, "segmentation": [], "area": 77819.40540000002, "bbox": [1405.09, 1079.16, 276.21, 281.74], "iscrowd": 0, "attributes": {"occluded": false}}, {"id": 80, "image_id": 14, "category_id": 1, "segmentation": [], "area": 418883.33900000015, "bbox": [1710.77, 298.39, 655.55, 638.98], "iscrowd": 0, "attributes": {"occluded": false}}, {"id": 81, "image_id": 14, "category_id": 3, "segmentation": [], "area": 471596.77040000004, "bbox": [622.48, 1141.77, 699.74, 673.96], "iscrowd": 0, "attributes": {"occluded": false}}, {"id": 82, "image_id": 14, "category_id": 5, "segmentation": [], "area": 78121.51280000003, "bbox": [2018.29, 1208.06, 110.48, 707.11], "iscrowd": 0, "attributes": {"occluded": false}}, {"id": 83, "image_id": 14, "category_id": 4, "segmentation": [], "area": 162963.63749999998, "bbox": [1189.64, 309.44, 344.35, 473.25], "iscrowd": 0, "attributes": {"occluded": false}}, {"id": 84, "image_id": 14, "category_id": 2, "segmentation": [], "area": 67409.54400000002, "bbox": [674.04, 633.53, 261.48, 257.8], "iscrowd": 0, "attributes": {"occluded": false}}]}